Workbook

Sheet Por Recursos
B1: Presupuesto de Proyecto | F1: Gluco Guard
B2: Elaborado por: pmoinformatica.com | E2: % Reserva de Contingencia | G2: ='Presupuesto Detallado'!I2 -> 0.3
B3: Líder del Proyecto: Mariano Leal | E3: Presupuesto | F3: Reservas | G3: Total
B4: Fecha de Inicio: 15/09/2025 | D4: Total | E4: ='Presupuesto Detallado'!G4 -> 46200300 | F4: =E4*G2 -> 13860090 | G4: =SUM(E4:F4) -> 60060390
B6: Categoría | C6: Recurso | E6: Tipo de Unidades | F6: Tasa | G6: Presupuesto
B7: Costos Directos | G7: =G4 -> 60060390
B8: Labor (Personal)
C9: Gerente de Proyecto | E9: =VLOOKUP(C9,Datos!$B$8:$E$26,3,) -> Horas / Jornadas | F9: =VLOOKUP(C9,Datos!$B$8:$E$18,4,) -> 90000
C10: Desarrollador Backend | E10: =VLOOKUP(C10,Datos!$B$8:$E$26,3,) -> Horas / Jornadas | F10: =Datos!E9 -> 60000
C11: Desarrollador Frontend | E11: =VLOOKUP(C11,Datos!$B$8:$E$26,3,) -> Horas / Jornadas | F11: =VLOOKUP(C11,Datos!$B$8:$E$18,4,) -> 60000
C12: Diseñador UI/UX | E12: =VLOOKUP(C12,Datos!$B$8:$E$26,3,) -> Horas / Jornadas | F12: =Datos!E11 -> 50000
C13: QA / Tester | E13: =VLOOKUP(C13,Datos!$B$8:$E$26,3,) -> Horas / Jornadas | F13: =Datos!E12 -> 45000
C14: Pruebas y simulación del sensor | E14: =VLOOKUP(C14,Datos!$B$8:$E$26,3,) -> Horas / Jornadas
B15: Consultoría
C16: Consultor de seguridad | E16: =VLOOKUP(C16,Datos!$B$8:$E$26,3,) -> Horas / Jornadas | F16: =VLOOKUP(C16,Datos!$B$8:$E$18,4,) -> 120000
B17: Materiales
C18: Integración CGM Freestyle Libre 2 | E18: =VLOOKUP(C18,Datos!$B$8:$E$26,3,) -> Cantidad | F18: =VLOOKUP(C18,Datos!$B$8:$E$18,4,) -> 120000
C19: Material educativo y documentación | E19: =VLOOKUP(C19,Datos!$B$8:$E$26,3,) -> Cantidad
C20: Dispositivos móviles para testing | E20: =VLOOKUP(C20,Datos!$B$8:$E$26,3,) -> Cantidad
C21: Backend / API y base de datos (hosting) | E21: =VLOOKUP(C21,Datos!$B$8:$E$26,3,) -> Horas / Jornadas | F21: =VLOOKUP(C21,Datos!$B$8:$E$21,4,) -> 100000
B22: Licencias
C23: Diseño y prototipado (Figma Pro / Canva Pro) | E23: =VLOOKUP(C23,Datos!$B$8:$E$26,3,) -> NA | F23: 1000000
C24: Notificaciones Push (Firebase) | E24: =VLOOKUP(C24,Datos!$B$8:$E$26,3,) -> NA | F24: 500000
B25: Viajes
C26: Gastos por viajes | E26: =VLOOKUP(C26,Datos!$B$8:$E$26,3,) -> NA | F26: =VLOOKUP(C26, Datos!$B$8:$E$26, 4, FALSE) -> 40000
B27: Costos Indirectos
C28: Marketing y Comunicación | E28: =VLOOKUP(C28,Datos!$B$8:$E$26,3,) -> NA | F28: =VLOOKUP(C28, Datos!$B$8:$E$26, 4, FALSE) -> 60000
C29: Despliegue y mantenimiento | E29: =VLOOKUP(C29, Datos!$B$8:$E$26, 3, FALSE) -> NA | F29: =VLOOKUP(C29, Datos!$B$8:$E$26, 4, FALSE) -> 50000
C30: Capacitación del equipo | E30: =VLOOKUP(C30, Datos!$B$8:$E$26, 3, FALSE) -> NA | F30: =VLOOKUP(C30, Datos!$B$8:$E$26, 4, FALSE) -> 80000
C31: Hosting y dominio web | E31: =VLOOKUP(C31, Datos!$B$8:$E$26, 3, FALSE) -> NA | F31: =VLOOKUP(C31, Datos!$B$8:$E$26, 4, FALSE) -> 50000

Sheet Presupuesto Detallado
B1: Presupuesto de Proyecto | D1: =#REF!*#REF! -> #REF! | G1: Gluco Guard
B2: Elaborado por: pmoinformatica.com | G2: % Reserva de Contingencia | I2: 0.3
B3: Líder del Proyecto: Mariano Leal | G3: Presupuesto | H3: Reservas | I3: Total
B4: Fecha de Inicio: 15/09/2025 | E4: Total | G4: =I7+I14+I20+I24+I26 -> 46200300 | H4: =G4*I2 -> 13860090 | I4: =SUM(G4:H4) -> 60060390
B6: Código | C6: Tarea / Actividad | D6: Elemento | E6: Tipo de Recurso | F6: Tipo de Unidades | G6: Unidades | H6: Tasa | I6: Presupuesto
B7: 1 | C7: Planificación del Proyecto | I7: =SUM(I8:I13) -> 9300000
D8: Gerente de Proyecto | E8: =VLOOKUP(D8,Datos!$B$8:$E$26,2,) -> Labor (Personal) | F8: =VLOOKUP(D8,Datos!$B$8:$E$26,3,) -> Horas / Jornadas | G8: 40 | H8: =VLOOKUP(D8,Datos!$B$8:$E$26,4,) -> 90000 | I8: =H8*VALUE(SUBSTITUTE(SUBSTITUTE(G8,"$",""),".","")) -> 3600000
D9: Consultor de seguridad | E9: =VLOOKUP(D9,Datos!$B$8:$E$26,2,) -> Consultor | F9: =VLOOKUP(D9,Datos!$B$8:$E$26,3,) -> Horas / Jornadas | G9: 10 | H9: =VLOOKUP(D9,Datos!$B$8:$E$26,4,) -> 120000 | I9: =G8*H9 -> 4800000
D10: Marketing y Comunicación | E10: =VLOOKUP(D10,Datos!$B$8:$E$26,2,) -> Gastos indirectos | F10: =VLOOKUP(D10,Datos!$B$8:$E$26,3,) -> NA | G10: 1 | H10: =VLOOKUP(D10,Datos!$B$8:$E$26,4,) -> 60000 | I10: =G9*H10 -> 600000
D11: Gastos por viajes | E11: =VLOOKUP(D11,Datos!$B$8:$E$26,2,) -> Gastos por viajes | F11: =VLOOKUP(D11,Datos!$B$8:$E$26,3,) -> NA | G11: 2 | H11: =VLOOKUP(D11,Datos!$B$8:$E$26,4,) -> 40000 | I11: =G10*H11 -> 40000
D12: Capacitación del equipo | E12: =VLOOKUP(D12,Datos!$B$8:$E$26,2,) -> Gastos indirectos | F12: =VLOOKUP(D12,Datos!$B$8:$E$26,3,) -> NA | G12: 5 | H12: =VLOOKUP(D12,Datos!$B$8:$E$26,4,) -> 80000 | I12: =G11*H12 -> 160000
D13: Material educativo y documentación | E13: =VLOOKUP(D13,Datos!$B$8:$E$26,2,) -> Materiales | F13: =VLOOKUP(D13,Datos!$B$8:$E$26,3,) -> Cantidad | G13: 5 | H13: =VLOOKUP(D13,Datos!$B$8:$E$26,4,) -> 20000 | I13: =G12*H13 -> 100000
B14: 2 | C14: Desarrollo de la Plataforma | I14: =SUM(I15:I19) -> 31700000
D15: Desarrollador Backend | E15: =VLOOKUP(D15,Datos!$B$8:$E$26,2,) -> Labor (Personal) | F15: =VLOOKUP(D15,Datos!$B$8:$E$26,3,) -> Horas / Jornadas | G15: 200 | H15: =VLOOKUP(D15,Datos!$B$8:$E$26,4,) -> 60000 | I15: =G15*H15 -> 12000000
D16: Desarrollador Frontend | E16: =VLOOKUP(D16,Datos!$B$8:$E$26,2,) -> Labor (Personal) | F16: =VLOOKUP(D16,Datos!$B$8:$E$26,3,) -> Horas / Jornadas | G16: 180 | H16: =VLOOKUP(D16,Datos!$B$8:$E$26,4,) -> 60000 | I16: =G16*H16 -> 10800000
D17: Diseñador UI/UX | E17: =VLOOKUP(D17,Datos!$B$8:$E$26,2,) -> Labor (Personal) | F17: =VLOOKUP(D17,Datos!$B$8:$E$26,3,) -> Horas / Jornadas | G17: 100 | H17: =VLOOKUP(D17,Datos!$B$8:$E$26,4,) -> 50000 | I17: =G17*H17 -> 5000000
D18: QA / Tester | E18: =VLOOKUP(D18,Datos!$B$8:$E$26,2,) -> Labor (Personal) | F18: =VLOOKUP(D18,Datos!$B$8:$E$26,3,) -> Horas / Jornadas | G18: 80 | H18: =VLOOKUP(D18,Datos!$B$8:$E$26,4,) -> 45000 | I18: =G18*H18 -> 3600000
D19: Hosting y dominio web | E19: =VLOOKUP(D19,Datos!$B$8:$E$26,2,) -> Gastos indirectos | F19: =VLOOKUP(D19,Datos!$B$8:$E$26,3,) -> NA | G19: 6 | H19: =VLOOKUP(D19,Datos!$B$8:$E$26,4,) -> 50000 | I19: =G19*H19 -> 300000
B20: 3 | C20: Integración del CGM y Terra API | I20: =SUM(I21:I23) -> 3700300
D21: Integración CGM Freestyle Libre 2 | E21: =VLOOKUP(D21,Datos!$B$8:$E$26,2,) -> Materiales | F21: =VLOOKUP(D21,Datos!$B$8:$E$26,3,) -> Cantidad | G21: 10 | H21: =VLOOKUP(D21,Datos!$B$8:$E$26,4,) -> 120000 | I21: =G21*H21 -> 1200000
D22: Integración Terra API | E22: =VLOOKUP(D22,Datos!$B$8:$E$26,2,) -> Licencias | F22: =VLOOKUP(D22,Datos!$B$8:$E$26,3,) -> NA | G22: 1 | H22: =VLOOKUP(D22,Datos!$B$8:$E$26,4,) -> 300 | I22: =G22*H22 -> 300
D23: Pruebas y simulación del sensor | E23: =VLOOKUP(D23,Datos!$B$8:$E$26,2,) -> Labor (Personal) | F23: =VLOOKUP(D23,Datos!$B$8:$E$26,3,) -> Horas / Jornadas | G23: 50 | H23: =VLOOKUP(D23,Datos!$B$8:$E$26,4,) -> 50000 | I23: =G23*H23 -> 2500000
B24: 4 | C24: Prototipado y diseño de interfaz | I24: =I25 -> 30000
D25: Diseño y prototipado (Figma Pro / Canva Pro) | E25: =VLOOKUP(D25,Datos!$B$8:$E$26,2,) -> Licencias | F25: =VLOOKUP(D25,Datos!$B$8:$E$26,3,) -> NA | G25: 1 | H25: =VLOOKUP(D25,Datos!$B$8:$E$26,4,) -> 30000 | I25: =G25*H25 -> 30000
B26: 5 | C26: Marketing, Comunicación y Material Educativo | I26: =SUM(I27:I30) -> 1470000
D27: Marketing y Comunicación | E27: =VLOOKUP(D27,Datos!$B$8:$E$26,2,) -> Gastos indirectos | F27: =VLOOKUP(D27,Datos!$B$8:$E$26,3,) -> NA | G27: 1 | H27: =VLOOKUP(D27,Datos!$B$8:$E$26,4,) -> 60000 | I27: =G27*H27 -> 60000
D28: Material educativo y documentación | E28: =VLOOKUP(D28,Datos!$B$8:$E$26,2,) -> Materiales | F28: =VLOOKUP(D28,Datos!$B$8:$E$26,3,) -> Cantidad | G28: 20 | H28: =VLOOKUP(D28,Datos!$B$8:$E$26,4,) -> 20000 | I28: =G28*H28 -> 400000
D29: Dispositivos móviles para testing | E29: =VLOOKUP(D29,Datos!$B$8:$E$26,2,) -> Materiales | F29: =VLOOKUP(D29,Datos!$B$8:$E$26,3,) -> Cantidad | G29: 5 | H29: =VLOOKUP(D29,Datos!$B$8:$E$26,4,) -> 200000 | I29: =G29*H29 -> 1000000
D30: Notificaciones Push (Firebase) | E30: =VLOOKUP(D30,Datos!$B$8:$E$26,2,) -> Licencias / Servicios | F30: =VLOOKUP(D30,Datos!$B$8:$E$26,3,) -> NA | G30: 1 | H30: =VLOOKUP(D30,Datos!$B$8:$E$26,4,) -> 10000 | I30: =G30*H30 -> 10000

Sheet Datos
B1: Presupuesto de Proyecto | D1: Gluco Guard
B2: Elaborado por: pmoinformatica.com
B3: Líder del Proyecto: Mariano Leal
B4: Fecha de Inicio: 15/09/2025
B6: Elemento | C6: Tipo de Recurso | D6: Tipo de Unidades | E6: Tasa
B8: Gerente de Proyecto | C8: Labor (Personal) | D8: Horas / Jornadas | E8: 90000
B9: Desarrollador Backend | C9: Labor (Personal) | D9: Horas / Jornadas | E9: 60000
B10: Desarrollador Frontend | C10: Labor (Personal) | D10: Horas / Jornadas | E10: 60000
B11: Diseñador UI/UX | C11: Labor (Personal) | D11: Horas / Jornadas | E11: 50000
B12: QA / Tester | C12: Labor (Personal) | D12: Horas / Jornadas | E12: 45000
B13: Consultor de seguridad | C13: Consultor | D13: Horas / Jornadas | E13: 120000
B14: Integración CGM Freestyle Libre 2 | C14: Materiales | D14: Cantidad | E14: 120000
B15: Integración Terra API | C15: Licencias | D15: NA | E15: 300
B16: Backend / API y base de datos (hosting) | C16: Materiales / Infraestructura | D16: Horas / Jornadas | E16: 100000
B17: Hosting y dominio web | C17: Gastos indirectos | D17: NA | E17: 50000
B18: Diseño y prototipado (Figma Pro / Canva Pro) | C18: Licencias | D18: NA | E18: 30000
B19: Pruebas y simulación del sensor | C19: Labor (Personal) | D19: Horas / Jornadas | E19: 50000
... B26: Marketing y Comunicación | C26: Gastos indirectos | D26: NA | E26: 60000

Sheet Instructivo
B1: Presupuesto de Proyecto
B2: Elaborado por: pmoinformatica.com
B4: Hoja: Tasas
B5: Descripción: | C5: Se usa para registrar los datos maestros para el cálculo del Presupuesto a partir de los recursos.
B6: Columna | C6: Instrucciones
B8: Elemento | C8: Aquí se especifica el nombre del Recurso, Gerente de Proyectos, Desarrollador.
B9: Tipo de Recurso | C9: Indica si es un Recurso de tipo Labor, cuando es una persona, Consultor, para servicios especializados contratados a terceros, Materiales (por ej. Componentes Electronicos, Piezas, entre otros.), Licencias de Propiedad Intelectual, Gastos por viajes, Gastos indirectos, o cualquier otro que sea necesario especificar.
B10: Tipo de Unidades | C10: El tipo de unidad para medir la utilización del recurso, para el caso de personas, pueden ser las horas o jornadas, para materiales, la cantidad de piezas, volumenes o peso. Pueden utilizarse otras según sea el caso.
B11: Tasa | C11: La tasa en moneda a aplicar por la utilización del recurso, por ejemplo para personas esto será el costo por hora o jornada, para consultores la tarifa, para materiales el costo unitario, y así sucesivamente según el tipo de recurso.
B13: Hoja: Presupuesto detallado
B14: Descripción: | C14: Se detallan los costos por recurso para cada actividad del Proyecto. Luego estos se sumarizan por actividades de mayor nivel
B15: Columna | C15: Instrucciones
B17: Código | C17: Código de Paquete de Trabajo, Tarea de Proyecto o Subtarea, según el método de desglose y codificación de las tareas seleccionado.
B18: Tarea / Actividad | C18: Nombre de la tarea para la cual se está especificando el Presupuesto. Aquí se puede presentar el desglose en tres niveles y la plantilla esta prefabricada para permitir la totalización.
B19: Elemento | C19: Aquí se especifica el nombre del Recurso, por ejemplo Analista de Sistemas 1, Electricista 1, Gerente de Proyectos, etc. Es importante que todo Recurso asignado en esta hoja, corresponda con uno registrado en la hoja de "Datos", para que así el libro Excel pueda determinar la tasa automáticamente.
B20: Tipo de Recurso | C20: Indica si es un Recurso de tipo Labor, Materiales, Licencias, Gastos por viajes, Gastos indirectos, o cualquier otro. Su valor lo obtiene el libro Excel automáticamente, buscando en la Hoja "Datos" la Tasa que corresponde al Elemento especificado.
B21: Tipo de Unidades | C21: El tipo de unidad para medir la utilización del recurso, su valor lo obtiene el libro Excel automáticamente, buscando en la Hoja "Datos" la Tasa que corresponde al Elemento especificado.
B22: Unidades | C22: Aquí se registra el número de unidades del Recurso que consumirá la actividad, debe ser especificado según la estimación realizada (según método de estimación seleccionado).
B23: Tasa | C23: La tasa en moneda a aplicar por la utilización del recurso, su valor lo obtiene el libro Excel automáticamente, buscando en la Hoja "Datos" la Tasa que corresponde al Elemento especificado.
B24: Presupuesto | C24: Multiplicando la tasa en moneda por el uso del recurso, por las unidades, se obtiene el costo total para la actividad por el uso de dicho recurso.
B26: Hoja: Presupuesto por Recursos
B27: Descripción: | C27: En esta hoja se totaliza el presupuesto asociado a cada Recurso. Para ello, se sumariza el presupuesto de cada recurso en cada actividad.
B28: Columna | C28: Instrucciones
B30: Categoría | C30: Se usa esta columna para categorízar los Recursos, como por ejemplo "Costos Directos" y "Costos Indirectos".
B31: Recurso | C31: Aquí se especifica el nombre del Recurso, por ejemplo Analista de Sistemas 1, Electricista 1, Gerente de Proyectos, etc. Es importante que todo Recurso asignado en esta hoja, corresponda con uno registrado en la hoja de "Datos", para que así el libro Excel pueda determinar la tasa automáticamente.
B32: Tipo de Unidades | C32: El tipo de unidad para medir la utilización del recurso, su valor lo obtiene el libro Excel automáticamente, buscando en la Hoja "Datos" la Tasa que corresponde al Elemento especificado.
B33: Tasa | C33: La tasa en moneda a aplicar por la utilización del recurso, su valor lo obtiene el libro Excel automáticamente, buscando en la Hoja "Datos" la Tasa que corresponde al Elemento especificado.
B34: Presupuesto | C34: En esta columna se sumariza el Presupuesto del Recurso en cada actividad de la hoja de Presupuesto Detallado, presentando de esta forma un subtotal por Recurso.
